timestamp,batch_id,time_min,moisture_raw,red,green,blue,moisture_status,color_status,final_status,readiness_score
2026-05-11 04:26:34,BATCH_001,0,507,9202,9214,9206,PASS,PASS,PASS,100
2026-05-11 04:27:09,BATCH_001,5,507,9124,9219,9249,PASS,PASS,PASS,100
2026-05-11 04:27:20,BATCH_001,10,507,9239,9245,9190,PASS,PASS,PASS,100
2026-05-11 04:27:32,BATCH_001,15,507,9212,9201,9214,PASS,PASS,PASS,100
2026-05-11 04:27:43,BATCH_001,20,507,9275,9259,9275,PASS,PASS,PASS,100
2026-05-11 04:27:55,BATCH_001,25,503,9228,9258,9280,PASS,PASS,PASS,100
2026-05-11 04:28:06,BATCH_001,30,503,9241,9265,9248,PASS,PASS,PASS,100
2026-05-11 04:28:17,BATCH_001,35,503,9197,9244,9226,PASS,PASS,PASS,100
2026-05-11 04:28:29,BATCH_001,40,510,13589,13620,13558,PASS,PASS,PASS,100
2026-05-11 04:29:05,BATCH_001,45,244,9231,9148,9058,HOLD,PASS,HOLD,50
2026-05-11 04:29:16,BATCH_001,50,243,9202,9187,9162,HOLD,PASS,HOLD,50
2026-05-11 04:29:20,BATCH_001,55,243,9105,9164,9125,HOLD,PASS,HOLD,50
2026-05-11 04:29:32,BATCH_001,60,242,9139,9125,9201,HOLD,PASS,HOLD,50
2026-05-11 04:29:36,BATCH_001,65,221,11200,11400,11100,HOLD,PASS,HOLD,50
2026-05-11 04:29:40,BATCH_001,70,242,9190,9176,9148,HOLD,PASS,HOLD,50
2026-05-11 04:29:52,BATCH_001,75,405,14199,14335,14413,WARN,PASS,WARN,75
2026-05-11 04:30:03,BATCH_001,80,512,9262,9260,9251,PASS,PASS,PASS,100
2026-05-11 04:30:56,BATCH_001,85,504,9183,9223,9160,PASS,PASS,PASS,100
2026-05-11 04:31:07,BATCH_001,90,504,9169,9253,9201,PASS,PASS,PASS,100
2026-05-11 04:31:18,BATCH_001,95,506,9138,9119,9171,PASS,PASS,PASS,100
2026-05-11 04:31:25,BATCH_001,100,506,9159,9211,9215,PASS,PASS,PASS,100
2026-05-11 04:31:36,BATCH_001,105,505,9126,9182,9186,PASS,PASS,PASS,100
2026-05-11 04:32:05,BATCH_001,110,250,9152,9107,9148,HOLD,PASS,HOLD,50
2026-05-11 04:32:17,BATCH_001,115,519,9232,9242,9195,PASS,PASS,PASS,100
2026-05-11 04:33:40,BATCH_001,120,498,11000,11200,10900,PASS,PASS,PASS,100
2026-05-11 04:35:04,BATCH_002,0,515,9087,9108,9095,PASS,PASS,PASS,100
2026-05-11 04:35:10,BATCH_002,5,515,9132,9181,9152,PASS,PASS,PASS,100
2026-05-11 04:35:23,BATCH_002,10,513,9151,9152,9178,PASS,PASS,PASS,100
2026-05-11 04:35:29,BATCH_002,15,513,9148,9162,9155,PASS,PASS,PASS,100
2026-05-11 04:35:34,BATCH_002,20,513,9167,9177,9186,PASS,PASS,PASS,100
2026-05-11 04:35:45,BATCH_002,25,513,9167,9201,9147,PASS,PASS,PASS,100
2026-05-11 04:35:56,BATCH_002,30,512,9182,9161,9190,PASS,PASS,PASS,100
2026-05-11 04:36:07,BATCH_002,35,512,9722,9689,9386,PASS,PASS,PASS,100
2026-05-11 04:36:17,BATCH_002,40,513,9107,9087,9069,PASS,PASS,PASS,100
2026-05-11 04:36:20,BATCH_002,45,512,10570,10684,10775,PASS,PASS,PASS,100
2026-05-11 04:36:32,BATCH_002,50,265,13579,9138,9075,HOLD,PASS,HOLD,50
2026-05-11 04:36:38,BATCH_002,55,268,9024,9005,9100,HOLD,PASS,HOLD,50
2026-05-11 04:36:42,BATCH_002,60,269,9066,9088,8996,HOLD,PASS,HOLD,50
2026-05-11 04:36:49,BATCH_002,65,269,9004,9064,9107,HOLD,PASS,HOLD,50
2026-05-11 04:36:53,BATCH_002,70,267,9101,9111,9112,HOLD,PASS,HOLD,50
2026-05-11 04:37:04,BATCH_002,75,510,11216,15455,15905,PASS,PASS,PASS,100
2026-05-11 04:37:15,BATCH_002,80,520,9164,9121,9046,PASS,PASS,PASS,100
2026-05-11 04:37:27,BATCH_002,85,521,9201,9122,9122,PASS,PASS,PASS,100
2026-05-11 04:37:38,BATCH_002,90,521,9073,9120,9104,PASS,PASS,PASS,100
2026-05-11 04:40:47,BATCH_001,125,520,9129,9126,9137,PASS,PASS,PASS,100
2026-05-11 04:40:58,BATCH_001,130,518,9253,9211,9195,PASS,PASS,PASS,100
2026-05-11 04:41:09,BATCH_001,135,520,10073,10074,10105,PASS,PASS,PASS,100
2026-05-11 04:41:21,BATCH_001,140,521,10054,10059,10056,PASS,PASS,PASS,100
2026-05-11 04:41:32,BATCH_001,145,521,10016,10010,9947,PASS,PASS,PASS,100
2026-05-11 04:41:43,BATCH_001,150,521,9938,9937,9948,PASS,PASS,PASS,100
2026-05-11 04:41:54,BATCH_001,155,521,9944,9942,9982,PASS,PASS,PASS,100
2026-05-11 04:42:05,BATCH_001,160,521,9982,10005,9994,PASS,PASS,PASS,100
2026-05-11 04:42:17,BATCH_001,165,521,9967,9953,9900,PASS,PASS,PASS,100
2026-05-11 04:42:28,BATCH_001,170,520,9220,9150,9176,PASS,PASS,PASS,100
2026-05-11 04:42:39,BATCH_001,175,520,9203,9180,9201,PASS,PASS,PASS,100
2026-05-11 04:42:42,BATCH_001,180,520,9210,9150,9065,PASS,PASS,PASS,100
2026-05-11 04:42:53,BATCH_001,185,520,9208,9190,9128,PASS,PASS,PASS,100
2026-05-11 04:43:04,BATCH_001,190,519,9217,9160,9204,PASS,PASS,PASS,100
2026-05-11 04:43:15,BATCH_001,195,520,9137,9143,9149,PASS,PASS,PASS,100
2026-05-11 04:43:27,BATCH_001,200,520,9056,9135,9214,PASS,PASS,PASS,100
2026-05-11 04:43:38,BATCH_001,205,520,9139,9164,9171,PASS,PASS,PASS,100
2026-05-11 04:43:49,BATCH_001,210,521,9242,9176,9186,PASS,PASS,PASS,100
2026-05-11 04:44:00,BATCH_001,215,521,9140,9185,9133,PASS,PASS,PASS,100
2026-05-11 04:45:41,BATCH_001,220,485,9153,9165,9219,PASS,PASS,PASS,100
2026-05-11 04:45:48,BATCH_001,225,486,9223,9183,9150,PASS,PASS,PASS,100
2026-05-11 04:51:59,BATCH_001,230,603,16491,16703,16622,PASS,PASS,PASS,100
2026-05-11 04:52:15,BATCH_001,235,520,9113,9174,9167,PASS,PASS,PASS,100
2026-05-11 04:52:26,BATCH_001,240,519,9194,9191,9200,PASS,PASS,PASS,100
2026-05-11 04:52:37,BATCH_001,245,515,9189,9122,9166,PASS,PASS,PASS,100
2026-05-11 04:52:49,BATCH_001,250,513,9163,9214,9130,PASS,PASS,PASS,100
2026-05-11 04:53:01,BATCH_001,255,513,9137,9113,9202,PASS,PASS,PASS,100
2026-05-11 04:53:12,BATCH_001,260,513,9179,9184,9135,PASS,PASS,PASS,100
2026-05-11 04:53:24,BATCH_001,265,525,12276,12397,12235,PASS,PASS,PASS,100
2026-05-11 04:53:36,BATCH_001,270,309,9301,9278,9256,WARN,PASS,WARN,75
2026-05-11 04:53:48,BATCH_001,275,412,12383,7339,8329,WARN,PASS,WARN,75
2026-05-11 04:54:00,BATCH_001,280,244,9345,9373,9396,HOLD,PASS,HOLD,50
2026-05-11 04:54:12,BATCH_001,285,243,9407,9397,9418,HOLD,PASS,HOLD,50
2026-05-11 04:54:24,BATCH_001,290,245,9392,9421,9404,HOLD,PASS,HOLD,50
2026-05-11 04:54:36,BATCH_001,295,312,9372,9368,9341,WARN,PASS,WARN,75
2026-05-11 04:54:47,BATCH_001,300,476,9191,9238,9406,PASS,PASS,PASS,100
2026-05-11 04:54:59,BATCH_001,305,342,9400,9413,9426,WARN,PASS,WARN,75
2026-05-11 04:55:02,BATCH_001,310,342,9419,9384,9422,WARN,PASS,WARN,75
2026-05-11 04:55:09,BATCH_001,315,342,9462,9423,9435,WARN,PASS,WARN,75
2026-05-11 04:55:17,BATCH_001,320,342,9497,9495,9505,WARN,PASS,WARN,75
2026-05-11 04:55:26,BATCH_001,325,341,9617,9552,9443,WARN,PASS,WARN,75
2026-05-11 04:55:35,BATCH_001,330,342,9454,9437,9439,WARN,PASS,WARN,75
2026-05-11 04:55:43,BATCH_001,335,449,0,0,0,PASS,PASS,PASS,100
2026-05-11 04:55:52,BATCH_001,340,515,9177,9244,9265,PASS,PASS,PASS,100
2026-05-11 04:56:00,BATCH_001,345,517,9191,9110,9263,PASS,PASS,PASS,100
2026-05-11 04:56:10,BATCH_001,350,517,9288,9284,9240,PASS,PASS,PASS,100
2026-05-11 04:56:18,BATCH_001,355,516,9241,9299,9303,PASS,PASS,PASS,100
2026-05-11 04:56:27,BATCH_001,360,517,9265,9309,9287,PASS,PASS,PASS,100
2026-05-11 04:56:36,BATCH_001,365,516,9285,9308,9286,PASS,PASS,PASS,100
2026-05-11 04:56:45,BATCH_001,370,516,9285,9285,9278,PASS,PASS,PASS,100
2026-05-11 04:56:54,BATCH_001,375,517,9321,9247,9320,PASS,PASS,PASS,100
2026-05-11 04:57:02,BATCH_001,380,517,9283,9300,9274,PASS,PASS,PASS,100
2026-05-11 04:57:11,BATCH_001,385,517,9304,9326,9271,PASS,PASS,PASS,100
2026-05-11 04:57:21,BATCH_001,390,516,9314,9328,9386,PASS,PASS,PASS,100
2026-05-11 04:57:29,BATCH_001,395,516,9334,9332,9281,PASS,PASS,PASS,100
2026-05-11 04:57:38,BATCH_001,400,517,9312,9301,9249,PASS,PASS,PASS,100
2026-05-11 04:57:46,BATCH_001,405,515,9318,9321,9319,PASS,PASS,PASS,100
2026-05-11 04:57:55,BATCH_001,410,515,9621,9578,9480,PASS,PASS,PASS,100
2026-05-11 04:58:04,BATCH_001,415,516,9672,9684,9695,PASS,PASS,PASS,100
2026-05-11 04:58:12,BATCH_001,420,516,9668,9693,9678,PASS,PASS,PASS,100
2026-05-11 04:58:21,BATCH_001,425,516,9962,9960,9984,PASS,PASS,PASS,100
2026-05-11 04:58:29,BATCH_001,430,517,9922,9927,9902,PASS,PASS,PASS,100
2026-05-11 04:58:38,BATCH_001,435,517,9890,9870,9882,PASS,PASS,PASS,100
2026-05-11 04:58:46,BATCH_001,440,517,9841,9835,9834,PASS,PASS,PASS,100
2026-05-11 04:58:55,BATCH_001,445,517,9805,9830,9823,PASS,PASS,PASS,100
2026-05-11 04:59:03,BATCH_001,450,517,9804,9823,9811,PASS,PASS,PASS,100
2026-05-11 04:59:12,BATCH_001,455,517,9809,9795,9813,PASS,PASS,PASS,100
2026-05-11 04:59:21,BATCH_001,460,517,9790,9780,9765,PASS,PASS,PASS,100
2026-05-11 04:59:29,BATCH_001,465,517,9764,9767,9767,PASS,PASS,PASS,100
2026-05-11 04:59:38,BATCH_001,470,517,10349,10368,10359,PASS,PASS,PASS,100
2026-05-11 04:59:47,BATCH_001,475,515,9789,9759,9793,PASS,PASS,PASS,100
2026-05-11 04:59:55,BATCH_001,480,516,9769,9762,9771,PASS,PASS,PASS,100
2026-05-11 05:00:04,BATCH_001,485,515,9785,9740,9775,PASS,PASS,PASS,100
2026-05-11 05:00:12,BATCH_001,490,515,9762,9761,9746,PASS,PASS,PASS,100
2026-05-11 05:00:21,BATCH_001,495,516,10068,10074,9984,PASS,PASS,PASS,100
2026-05-11 05:00:30,BATCH_001,500,516,10081,10061,10048,PASS,PASS,PASS,100
2026-05-11 05:00:38,BATCH_001,505,516,10082,10092,10061,PASS,PASS,PASS,100
2026-05-11 05:00:47,BATCH_001,510,517,10064,10042,10042,PASS,PASS,PASS,100
2026-05-11 05:00:55,BATCH_001,515,517,10015,10024,10008,PASS,PASS,PASS,100
2026-05-11 05:01:04,BATCH_001,520,517,9998,10001,9996,PASS,PASS,PASS,100
2026-05-11 05:01:13,BATCH_001,525,517,9985,9987,10001,PASS,PASS,PASS,100
2026-05-11 05:01:22,BATCH_001,530,517,9987,10006,9993,PASS,PASS,PASS,100
2026-05-11 05:01:30,BATCH_001,535,517,9989,9980,10012,PASS,PASS,PASS,100
2026-05-11 05:01:39,BATCH_001,540,517,9528,9550,9517,PASS,PASS,PASS,100
2026-05-11 05:01:47,BATCH_001,545,517,10051,10037,10032,PASS,PASS,PASS,100
2026-05-11 05:01:56,BATCH_001,550,517,9996,9989,9997,PASS,PASS,PASS,100
2026-05-11 05:02:04,BATCH_001,555,516,10029,10012,10026,PASS,PASS,PASS,100
2026-05-11 05:02:13,BATCH_001,560,517,10013,10013,10008,PASS,PASS,PASS,100
2026-05-11 05:02:21,BATCH_001,565,517,9992,10007,9997,PASS,PASS,PASS,100
2026-05-11 05:02:30,BATCH_001,570,516,9563,9568,9727,PASS,PASS,PASS,100
2026-05-11 05:02:39,BATCH_001,575,517,9951,9941,9942,PASS,PASS,PASS,100
2026-05-11 05:02:48,BATCH_001,580,516,9841,9846,9874,PASS,PASS,PASS,100
2026-05-11 05:02:57,BATCH_001,585,517,9643,9611,9646,PASS,PASS,PASS,100
2026-05-11 05:03:06,BATCH_001,590,516,9654,9613,9611,PASS,PASS,PASS,100
2026-05-11 05:03:14,BATCH_001,595,517,9621,9650,9623,PASS,PASS,PASS,100
2026-05-11 05:03:23,BATCH_001,600,517,9650,9651,9657,PASS,PASS,PASS,100
2026-05-11 05:03:31,BATCH_001,605,516,9639,9618,9619,PASS,PASS,PASS,100
2026-05-11 05:03:40,BATCH_001,610,517,9589,9613,9608,PASS,PASS,PASS,100
2026-05-11 05:03:50,BATCH_001,615,516,9611,9612,9612,PASS,PASS,PASS,100
2026-05-11 05:03:59,BATCH_001,620,517,9565,9561,9553,PASS,PASS,PASS,100
2026-05-11 05:04:09,BATCH_001,625,517,9598,9571,9584,PASS,PASS,PASS,100
2026-05-11 05:04:18,BATCH_001,630,516,9611,9617,9594,PASS,PASS,PASS,100
2026-05-11 05:04:26,BATCH_001,635,517,9619,9621,9634,PASS,PASS,PASS,100
2026-05-11 05:04:35,BATCH_001,640,517,9621,9637,9631,PASS,PASS,PASS,100
2026-05-11 05:04:44,BATCH_001,645,517,9627,9594,9613,PASS,PASS,PASS,100
2026-05-11 05:04:52,BATCH_001,650,517,9561,9556,9566,PASS,PASS,PASS,100
2026-05-11 05:05:01,BATCH_001,655,517,10001,9999,10005,PASS,PASS,PASS,100
2026-05-11 05:05:10,BATCH_001,660,516,9621,9599,9628,PASS,PASS,PASS,100
2026-05-11 05:05:18,BATCH_001,665,515,9612,9621,9613,PASS,PASS,PASS,100
2026-05-11 05:05:27,BATCH_001,670,516,9572,9541,9560,PASS,PASS,PASS,100
2026-05-11 05:05:35,BATCH_001,675,515,9619,9622,9633,PASS,PASS,PASS,100
2026-05-11 05:05:45,BATCH_001,680,516,9636,9640,9638,PASS,PASS,PASS,100
2026-05-11 05:05:57,BATCH_001,685,516,9647,9655,9633,PASS,PASS,PASS,100
2026-05-11 05:06:08,BATCH_001,690,516,9648,9579,9623,PASS,PASS,PASS,100
2026-05-11 05:06:20,BATCH_001,695,516,9567,9602,9628,PASS,PASS,PASS,100
2026-05-11 05:06:31,BATCH_001,700,515,9678,9645,9657,PASS,PASS,PASS,100
2026-05-11 05:06:43,BATCH_001,705,515,9614,9638,9574,PASS,PASS,PASS,100
2026-05-11 05:06:54,BATCH_001,710,515,9588,9577,9570,PASS,PASS,PASS,100
2026-05-11 05:07:06,BATCH_001,715,514,9605,9668,9558,PASS,PASS,PASS,100
2026-05-11 05:07:18,BATCH_001,720,515,9617,9630,9660,PASS,PASS,PASS,100
2026-05-11 05:07:29,BATCH_001,725,516,9665,9677,9718,PASS,PASS,PASS,100
2026-05-11 05:07:41,BATCH_001,730,516,9636,9646,9645,PASS,PASS,PASS,100
2026-05-11 05:07:52,BATCH_001,735,515,9624,9641,9644,PASS,PASS,PASS,100
2026-05-11 05:08:04,BATCH_001,740,515,9615,9579,9580,PASS,PASS,PASS,100
2026-05-11 05:08:15,BATCH_001,745,515,9578,9603,9525,PASS,PASS,PASS,100
2026-05-11 05:08:26,BATCH_001,750,515,9652,9611,9518,PASS,PASS,PASS,100
2026-05-11 05:08:38,BATCH_001,755,516,9665,9605,9538,PASS,PASS,PASS,100
2026-05-11 05:08:49,BATCH_001,760,515,9593,9607,9618,PASS,PASS,PASS,100
2026-05-11 05:09:01,BATCH_001,765,515,9546,9568,9516,PASS,PASS,PASS,100
2026-05-11 05:09:13,BATCH_001,770,515,9604,9550,9569,PASS,PASS,PASS,100
2026-05-11 05:09:24,BATCH_001,775,515,9556,9561,9588,PASS,PASS,PASS,100
2026-05-11 05:09:36,BATCH_001,780,516,10008,9999,10014,PASS,PASS,PASS,100
2026-05-11 05:09:47,BATCH_001,785,516,9994,10030,10014,PASS,PASS,PASS,100
2026-05-11 05:09:59,BATCH_001,790,516,10011,9986,10004,PASS,PASS,PASS,100
2026-05-11 05:10:10,BATCH_001,795,516,10014,9982,10001,PASS,PASS,PASS,100
2026-05-11 05:10:22,BATCH_001,800,516,9740,9712,9725,PASS,PASS,PASS,100
2026-05-11 05:10:34,BATCH_001,805,516,9590,9600,9608,PASS,PASS,PASS,100
2026-05-11 05:10:45,BATCH_001,810,514,9750,9724,9753,PASS,PASS,PASS,100
2026-05-11 05:10:57,BATCH_001,815,516,9840,9813,9846,PASS,PASS,PASS,100
2026-05-11 05:11:08,BATCH_001,820,516,9783,9780,9779,PASS,PASS,PASS,100
2026-05-11 05:11:19,BATCH_001,825,516,9853,9829,9858,PASS,PASS,PASS,100
2026-05-11 05:11:31,BATCH_001,830,516,9868,9866,9862,PASS,PASS,PASS,100
2026-05-11 05:11:42,BATCH_001,835,516,9883,9880,9875,PASS,PASS,PASS,100
2026-05-11 05:11:54,BATCH_001,840,516,9879,9873,9895,PASS,PASS,PASS,100
2026-05-11 05:12:10,BATCH_001,845,516,9854,9891,9869,PASS,PASS,PASS,100
2026-05-11 05:12:21,BATCH_001,850,516,9915,9899,9915,PASS,PASS,PASS,100
2026-05-11 05:12:33,BATCH_001,855,516,9913,9894,9933,PASS,PASS,PASS,100
2026-05-11 05:12:44,BATCH_001,860,516,9935,9939,9924,PASS,PASS,PASS,100
2026-05-11 05:12:56,BATCH_001,865,516,9950,9944,9928,PASS,PASS,PASS,100
2026-05-11 05:13:07,BATCH_001,870,516,9932,9949,9918,PASS,PASS,PASS,100
2026-05-11 05:13:19,BATCH_001,875,516,9995,10000,9962,PASS,PASS,PASS,100
2026-05-11 05:13:31,BATCH_001,880,516,9945,9958,9967,PASS,PASS,PASS,100
2026-05-11 05:13:43,BATCH_001,885,516,9957,9971,9998,PASS,PASS,PASS,100
2026-05-11 05:13:56,BATCH_001,890,517,9953,9960,9957,PASS,PASS,PASS,100
2026-05-11 05:14:07,BATCH_001,895,517,9959,9986,9973,PASS,PASS,PASS,100
2026-05-11 05:14:19,BATCH_001,900,516,9970,9951,9924,PASS,PASS,PASS,100
2026-05-11 05:14:30,BATCH_001,905,516,9939,9928,9962,PASS,PASS,PASS,100
2026-05-11 05:14:41,BATCH_001,910,516,9976,9984,9985,PASS,PASS,PASS,100
2026-05-11 05:14:53,BATCH_001,915,516,9998,9984,9972,PASS,PASS,PASS,100
2026-05-11 05:15:04,BATCH_001,920,516,9989,9989,9964,PASS,PASS,PASS,100
2026-05-11 05:15:16,BATCH_001,925,515,10176,10188,10156,PASS,PASS,PASS,100
2026-05-11 05:15:27,BATCH_001,930,516,10155,10178,10183,PASS,PASS,PASS,100
2026-05-11 05:15:38,BATCH_001,935,516,10223,10209,10154,PASS,PASS,PASS,100
2026-05-11 05:15:50,BATCH_001,940,516,10189,10167,10156,PASS,PASS,PASS,100
2026-05-11 05:16:01,BATCH_001,945,515,9954,9977,10009,PASS,PASS,PASS,100
2026-05-11 05:16:12,BATCH_001,950,515,9888,9890,9937,PASS,PASS,PASS,100
2026-05-11 05:16:19,BATCH_001,955,515,9895,9881,9882,PASS,PASS,PASS,100
2026-05-11 05:16:31,BATCH_001,960,515,9850,9852,9846,PASS,PASS,PASS,100
2026-05-11 05:16:42,BATCH_001,965,515,9829,9806,9792,PASS,PASS,PASS,100
2026-05-11 05:16:54,BATCH_001,970,516,9832,9802,9826,PASS,PASS,PASS,100
2026-05-11 05:17:06,BATCH_001,975,516,9816,9820,9820,PASS,PASS,PASS,100
2026-05-11 05:17:17,BATCH_001,980,515,9857,9843,9807,PASS,PASS,PASS,100
2026-05-11 05:17:29,BATCH_001,985,515,9809,9821,9852,PASS,PASS,PASS,100
2026-05-11 05:17:40,BATCH_001,990,515,9783,9745,9782,PASS,PASS,PASS,100
2026-05-11 05:17:52,BATCH_001,995,515,9751,9772,9753,PASS,PASS,PASS,100
2026-05-11 05:18:03,BATCH_001,1000,515,9772,9775,9775,PASS,PASS,PASS,100
2026-05-11 05:18:15,BATCH_001,1005,515,9767,9767,9792,PASS,PASS,PASS,100
2026-05-11 05:18:26,BATCH_001,1010,515,9775,9788,9811,PASS,PASS,PASS,100
2026-05-11 05:18:38,BATCH_001,1015,515,9850,9830,9862,PASS,PASS,PASS,100
2026-05-11 05:18:49,BATCH_001,1020,515,9817,9824,9799,PASS,PASS,PASS,100
2026-05-11 05:19:01,BATCH_001,1025,515,9902,9901,9919,PASS,PASS,PASS,100
2026-05-11 05:19:12,BATCH_001,1030,516,9837,9880,9816,PASS,PASS,PASS,100
2026-05-11 05:19:24,BATCH_001,1035,516,9922,9908,9899,PASS,PASS,PASS,100
2026-05-11 05:19:35,BATCH_001,1040,516,9536,9561,9583,PASS,PASS,PASS,100
2026-05-11 05:19:47,BATCH_001,1045,516,9913,9923,9869,PASS,PASS,PASS,100
2026-05-11 05:19:58,BATCH_001,1050,516,9765,9781,9737,PASS,PASS,PASS,100
2026-05-11 05:20:10,BATCH_001,1055,516,9810,9800,9825,PASS,PASS,PASS,100
2026-05-11 05:20:21,BATCH_001,1060,516,9785,9790,9772,PASS,PASS,PASS,100
2026-05-11 05:20:33,BATCH_001,1065,516,9802,9785,9805,PASS,PASS,PASS,100
2026-05-11 05:20:44,BATCH_001,1070,516,9824,9816,9820,PASS,PASS,PASS,100
2026-05-11 05:20:56,BATCH_001,1075,516,9814,9814,9791,PASS,PASS,PASS,100
2026-05-11 05:21:07,BATCH_001,1080,516,9792,9800,9799,PASS,PASS,PASS,100
2026-05-11 05:21:19,BATCH_001,1085,516,9823,9790,9812,PASS,PASS,PASS,100
2026-05-11 05:21:31,BATCH_001,1090,516,9820,9829,9815,PASS,PASS,PASS,100
2026-05-11 05:21:44,BATCH_001,1095,516,9833,9826,9819,PASS,PASS,PASS,100
2026-05-11 05:21:56,BATCH_001,1100,516,9817,9805,9809,PASS,PASS,PASS,100
2026-05-11 05:22:10,BATCH_001,1105,516,9813,9787,9821,PASS,PASS,PASS,100
2026-05-11 05:22:25,BATCH_001,1110,515,9779,9771,9782,PASS,PASS,PASS,100
2026-05-11 05:22:39,BATCH_001,1115,516,9779,9748,9767,PASS,PASS,PASS,100
2026-05-11 05:22:51,BATCH_001,1120,516,9797,9802,9783,PASS,PASS,PASS,100
2026-05-11 05:23:03,BATCH_001,1125,516,9782,9796,9772,PASS,PASS,PASS,100
2026-05-11 05:23:16,BATCH_001,1130,516,9797,9785,9791,PASS,PASS,PASS,100
2026-05-11 05:23:28,BATCH_001,1135,516,9775,9786,9799,PASS,PASS,PASS,100
2026-05-11 05:23:39,BATCH_001,1140,516,9772,9789,9793,PASS,PASS,PASS,100
2026-05-11 05:23:51,BATCH_001,1145,516,9800,9772,9805,PASS,PASS,PASS,100
2026-05-11 05:24:03,BATCH_001,1150,516,9756,9692,9702,PASS,PASS,PASS,100
2026-05-11 05:24:15,BATCH_001,1155,516,9735,9741,9754,PASS,PASS,PASS,100
2026-05-11 05:24:27,BATCH_001,1160,516,9743,9717,9735,PASS,PASS,PASS,100
2026-05-11 05:24:38,BATCH_001,1165,516,9712,9689,9707,PASS,PASS,PASS,100
2026-05-11 05:24:50,BATCH_001,1170,516,9724,9764,9742,PASS,PASS,PASS,100
2026-05-11 05:25:01,BATCH_001,1175,516,9741,9757,9733,PASS,PASS,PASS,100
2026-05-11 05:25:13,BATCH_001,1180,516,9746,9724,9737,PASS,PASS,PASS,100
2026-05-11 05:25:24,BATCH_001,1185,516,9707,9709,9687,PASS,PASS,PASS,100
2026-05-11 05:25:36,BATCH_001,1190,516,9711,9711,9704,PASS,PASS,PASS,100
2026-05-11 05:25:48,BATCH_001,1195,516,9737,9731,9703,PASS,PASS,PASS,100
2026-05-11 05:25:59,BATCH_001,1200,516,9690,9672,9689,PASS,PASS,PASS,100
2026-05-11 05:26:11,BATCH_001,1205,516,9705,9701,9689,PASS,PASS,PASS,100
2026-05-11 05:26:23,BATCH_001,1210,516,9678,9693,9701,PASS,PASS,PASS,100
2026-05-11 05:26:34,BATCH_001,1215,516,9680,9686,9709,PASS,PASS,PASS,100
2026-05-11 05:26:46,BATCH_001,1220,516,9755,9688,9716,PASS,PASS,PASS,100
2026-05-11 05:26:57,BATCH_001,1225,516,9680,9696,9687,PASS,PASS,PASS,100
2026-05-11 05:27:09,BATCH_001,1230,516,9694,9702,9679,PASS,PASS,PASS,100
2026-05-11 05:27:20,BATCH_001,1235,515,9646,9663,9673,PASS,PASS,PASS,100
2026-05-11 05:27:32,BATCH_001,1240,516,9684,9657,9683,PASS,PASS,PASS,100
2026-05-11 05:27:44,BATCH_001,1245,516,9680,9664,9688,PASS,PASS,PASS,100
2026-05-11 05:27:55,BATCH_001,1250,516,9712,9712,9695,PASS,PASS,PASS,100
2026-05-11 05:28:07,BATCH_001,1255,516,9608,9630,9622,PASS,PASS,PASS,100
2026-05-11 05:28:14,BATCH_001,1260,515,9551,9584,9594,PASS,PASS,PASS,100
2026-05-11 05:28:25,BATCH_001,1265,515,9620,9613,9609,PASS,PASS,PASS,100
2026-05-11 05:28:38,BATCH_001,1270,516,9601,9580,9543,PASS,PASS,PASS,100
2026-05-11 05:28:52,BATCH_001,1275,515,9573,9588,9560,PASS,PASS,PASS,100
2026-05-11 05:29:05,BATCH_001,1280,516,9553,9569,9565,PASS,PASS,PASS,100
2026-05-11 05:29:18,BATCH_001,1285,515,9549,9575,9569,PASS,PASS,PASS,100
2026-05-11 05:29:32,BATCH_001,1290,516,9553,9538,9541,PASS,PASS,PASS,100
2026-05-11 05:29:45,BATCH_001,1295,515,9547,9564,9568,PASS,PASS,PASS,100
2026-05-11 05:29:59,BATCH_001,1300,515,9589,9554,9546,PASS,PASS,PASS,100
2026-05-11 05:30:12,BATCH_001,1305,515,9569,9577,9573,PASS,PASS,PASS,100
2026-05-11 05:30:25,BATCH_001,1310,516,9596,9571,9637,PASS,PASS,PASS,100
2026-05-11 05:30:39,BATCH_001,1315,515,9544,9583,9548,PASS,PASS,PASS,100
2026-05-11 05:30:52,BATCH_001,1320,516,9534,9560,9597,PASS,PASS,PASS,100
2026-05-11 05:31:06,BATCH_001,1325,516,9586,9567,9557,PASS,PASS,PASS,100
2026-05-11 05:31:19,BATCH_001,1330,515,9602,9570,9569,PASS,PASS,PASS,100
2026-05-11 05:31:33,BATCH_001,1335,515,9544,9536,9519,PASS,PASS,PASS,100
2026-05-11 05:31:46,BATCH_001,1340,516,9564,9519,9533,PASS,PASS,PASS,100
2026-05-11 05:32:00,BATCH_001,1345,516,9534,9504,9488,PASS,PASS,PASS,100
2026-05-11 05:32:13,BATCH_001,1350,516,9513,9479,9471,PASS,PASS,PASS,100
2026-05-11 05:32:27,BATCH_001,1355,516,9531,9476,9500,PASS,PASS,PASS,100
2026-05-11 05:32:40,BATCH_001,1360,516,9489,9480,9502,PASS,PASS,PASS,100
2026-05-11 05:32:54,BATCH_001,1365,516,9520,9478,9475,PASS,PASS,PASS,100
2026-05-11 05:33:07,BATCH_001,1370,516,9522,9531,9532,PASS,PASS,PASS,100
2026-05-11 05:33:21,BATCH_001,1375,516,9741,9761,9786,PASS,PASS,PASS,100
2026-05-11 05:33:35,BATCH_001,1380,357,10091,10071,10072,WARN,PASS,WARN,75
2026-05-11 05:33:47,BATCH_001,1385,353,10033,10023,10034,WARN,PASS,WARN,75
2026-05-11 05:33:56,BATCH_001,1390,352,9993,10004,10003,WARN,PASS,WARN,75
2026-05-11 05:34:10,BATCH_001,1395,235,9979,10004,9993,HOLD,PASS,HOLD,50
2026-05-11 05:34:18,BATCH_001,1400,235,9975,9981,9966,HOLD,PASS,HOLD,50
2026-05-11 05:34:25,BATCH_001,1405,233,10122,10109,10113,HOLD,PASS,HOLD,50
2026-05-11 05:34:35,BATCH_001,1410,483,15482,15870,16314,PASS,PASS,PASS,100
2026-05-11 05:34:44,BATCH_001,1415,535,9457,9452,9539,PASS,PASS,PASS,100
2026-05-11 05:34:54,BATCH_001,1420,533,9760,9760,9774,PASS,PASS,PASS,100
2026-05-11 05:35:03,BATCH_001,1425,533,9758,9761,9766,PASS,PASS,PASS,100
2026-05-11 05:35:13,BATCH_001,1430,533,9668,9641,9673,PASS,PASS,PASS,100
2026-05-11 05:35:23,BATCH_001,1435,533,9710,9722,9678,PASS,PASS,PASS,100
2026-05-11 05:35:32,BATCH_001,1440,533,9681,9709,9649,PASS,PASS,PASS,100
2026-05-11 05:35:42,BATCH_001,1445,533,9663,9672,9694,PASS,PASS,PASS,100
2026-05-11 05:35:51,BATCH_001,1450,534,9725,9751,9732,PASS,PASS,PASS,100
2026-05-11 05:36:01,BATCH_001,1455,536,9711,9696,9700,PASS,PASS,PASS,100
2026-05-11 05:36:10,BATCH_001,1460,531,9726,9765,9738,PASS,PASS,PASS,100
2026-05-11 05:36:20,BATCH_001,1465,525,9660,9671,9675,PASS,PASS,PASS,100
2026-05-11 05:36:29,BATCH_001,1470,531,10911,11063,11255,PASS,PASS,PASS,100
2026-05-11 05:36:39,BATCH_001,1475,336,10321,10295,10319,WARN,PASS,WARN,75
2026-05-11 05:36:49,BATCH_001,1480,331,10001,9998,10045,WARN,PASS,WARN,75
2026-05-11 05:36:58,BATCH_001,1485,349,10424,10044,10007,WARN,PASS,WARN,75
2026-05-11 05:37:08,BATCH_001,1490,232,10278,10245,10236,HOLD,PASS,HOLD,50
2026-05-11 05:37:19,BATCH_001,1495,232,10105,10074,10088,HOLD,PASS,HOLD,50
2026-05-11 05:37:28,BATCH_001,1500,478,12972,13138,13239,PASS,PASS,PASS,100
2026-05-11 05:37:38,BATCH_001,1505,500,9747,9812,9795,PASS,PASS,PASS,100
2026-05-11 05:37:48,BATCH_001,1510,501,9502,9468,9458,PASS,PASS,PASS,100
2026-05-11 05:37:57,BATCH_001,1515,502,9429,9434,9432,PASS,PASS,PASS,100
2026-05-11 05:38:07,BATCH_001,1520,503,9489,9434,9449,PASS,PASS,PASS,100
2026-05-11 05:38:16,BATCH_001,1525,503,9418,9434,9439,PASS,PASS,PASS,100
2026-05-11 05:38:26,BATCH_001,1530,503,9414,9502,9403,PASS,PASS,PASS,100
2026-05-11 05:38:35,BATCH_001,1535,504,9442,9428,9447,PASS,PASS,PASS,100
2026-05-11 05:38:45,BATCH_001,1540,503,9426,9417,9416,PASS,PASS,PASS,100
2026-05-11 05:38:54,BATCH_001,1545,504,9389,9431,9415,PASS,PASS,PASS,100
2026-05-11 05:39:04,BATCH_001,1550,504,9450,9424,9441,PASS,PASS,PASS,100
2026-05-11 05:39:13,BATCH_001,1555,503,9408,9421,9447,PASS,PASS,PASS,100
2026-05-11 05:39:23,BATCH_001,1560,504,9435,9412,9400,PASS,PASS,PASS,100
2026-05-11 05:39:32,BATCH_001,1565,504,9404,9372,9402,PASS,PASS,PASS,100
2026-05-11 05:39:42,BATCH_001,1570,504,9389,9412,9395,PASS,PASS,PASS,100
2026-05-11 05:39:51,BATCH_001,1575,504,9410,9354,9384,PASS,PASS,PASS,100
2026-05-11 05:40:01,BATCH_001,1580,504,9371,9387,9390,PASS,PASS,PASS,100
2026-05-11 05:40:10,BATCH_001,1585,504,9396,9404,9405,PASS,PASS,PASS,100
2026-05-11 05:40:20,BATCH_001,1590,504,9407,9384,9350,PASS,PASS,PASS,100
2026-05-11 05:40:29,BATCH_001,1595,504,9700,9745,9731,PASS,PASS,PASS,100
2026-05-11 05:40:39,BATCH_001,1600,504,9484,9484,9513,PASS,PASS,PASS,100
2026-05-11 05:40:48,BATCH_001,1605,504,9529,9520,9491,PASS,PASS,PASS,100
2026-05-11 05:40:58,BATCH_001,1610,504,9614,9482,9437,PASS,PASS,PASS,100
2026-05-11 05:41:07,BATCH_001,1615,504,9668,9637,9600,PASS,PASS,PASS,100
2026-05-11 05:41:17,BATCH_001,1620,504,9665,9668,9672,PASS,PASS,PASS,100
2026-05-11 05:41:26,BATCH_001,1625,504,9652,9687,9669,PASS,PASS,PASS,100
2026-05-11 05:41:36,BATCH_001,1630,504,9666,9676,9646,PASS,PASS,PASS,100
2026-05-11 05:41:45,BATCH_001,1635,504,9581,9653,9644,PASS,PASS,PASS,100
2026-05-11 05:41:54,BATCH_001,1640,504,9680,9746,9707,PASS,PASS,PASS,100
2026-05-11 05:42:04,BATCH_001,1645,504,9717,9674,9656,PASS,PASS,PASS,100
2026-05-11 05:42:13,BATCH_001,1650,504,9715,9647,9675,PASS,PASS,PASS,100
2026-05-11 05:42:23,BATCH_001,1655,504,9653,9653,9639,PASS,PASS,PASS,100
2026-05-11 05:42:32,BATCH_001,1660,504,9657,9654,9643,PASS,PASS,PASS,100
2026-05-11 05:42:41,BATCH_001,1665,504,9652,9643,9636,PASS,PASS,PASS,100
2026-05-11 05:42:51,BATCH_001,1670,504,9640,9640,9643,PASS,PASS,PASS,100
2026-05-11 05:43:01,BATCH_001,1675,504,9637,9622,9637,PASS,PASS,PASS,100
2026-05-11 05:43:11,BATCH_001,1680,504,9609,9642,9644,PASS,PASS,PASS,100
2026-05-11 05:43:20,BATCH_001,1685,504,9646,9623,9678,PASS,PASS,PASS,100
2026-05-11 05:43:30,BATCH_001,1690,504,9672,9681,9636,PASS,PASS,PASS,100
2026-05-11 23:52:04,BATCH_001,1695,539,58,71,62,PASS,PASS,PASS,100
2026-05-11 23:52:22,BATCH_001,1700,538,58,71,62,PASS,PASS,PASS,100
2026-05-11 23:52:33,BATCH_001,1705,538,59,71,62,PASS,PASS,PASS,100
2026-05-11 23:52:44,BATCH_001,1710,538,59,71,62,PASS,PASS,PASS,100
2026-05-11 23:52:56,BATCH_001,1715,538,59,71,62,PASS,PASS,PASS,100
2026-05-11 23:53:05,BATCH_002,95,538,58,72,62,PASS,PASS,PASS,100
2026-05-11 23:53:16,BATCH_002,100,538,58,71,62,PASS,PASS,PASS,100
2026-05-11 23:53:28,BATCH_002,105,538,58,71,62,PASS,PASS,PASS,100
2026-05-11 23:53:39,BATCH_002,110,538,58,71,62,PASS,PASS,PASS,100
2026-05-11 23:53:46,BATCH_002,115,498,53,69,61,PASS,PASS,PASS,100
2026-05-11 23:53:50,BATCH_002,120,538,58,71,62,PASS,PASS,PASS,100
2026-05-11 23:53:53,BATCH_002,125,498,67,76,70,PASS,WARN,WARN,80
2026-05-11 23:53:56,BATCH_002,130,538,58,71,62,PASS,PASS,PASS,100
2026-05-11 23:53:59,BATCH_002,135,498,67,76,70,PASS,WARN,WARN,80
2026-05-11 23:54:02,BATCH_002,140,538,58,71,62,PASS,PASS,PASS,100
2026-05-11 23:54:05,BATCH_002,145,221,78,88,74,HOLD,HOLD,HOLD,10
2026-05-11 23:54:09,BATCH_002,150,538,58,71,62,PASS,PASS,PASS,100
2026-05-11 23:54:21,BATCH_002,155,555,85,94,79,PASS,HOLD,HOLD,60
2026-05-11 23:54:33,BATCH_002,160,446,85,95,79,PASS,HOLD,HOLD,60
2026-05-11 23:54:45,BATCH_002,165,426,84,94,79,WARN,HOLD,HOLD,35
2026-05-11 23:54:57,BATCH_002,170,421,84,95,78,WARN,HOLD,HOLD,35
2026-05-11 23:55:09,BATCH_002,175,418,84,94,78,WARN,HOLD,HOLD,35
2026-05-11 23:55:22,BATCH_002,180,416,84,94,78,WARN,HOLD,HOLD,35
2026-05-11 23:55:34,BATCH_002,185,413,84,94,79,WARN,HOLD,HOLD,35
2026-05-11 23:55:45,BATCH_003,0,552,85,97,81,PASS,HOLD,HOLD,60
2026-05-11 23:55:57,BATCH_003,5,538,75,82,68,PASS,HOLD,HOLD,60
2026-05-11 23:56:10,BATCH_003,10,536,79,90,76,PASS,HOLD,HOLD,60
2026-05-11 23:56:21,BATCH_003,15,532,62,76,66,PASS,PASS,PASS,100
2026-05-11 23:56:32,BATCH_003,20,532,62,75,66,PASS,PASS,PASS,100
2026-05-11 23:56:44,BATCH_003,25,532,63,76,66,PASS,PASS,PASS,100
2026-05-11 23:56:55,BATCH_003,30,532,63,76,66,PASS,PASS,PASS,100
2026-05-11 23:57:07,BATCH_003,35,532,62,76,66,PASS,PASS,PASS,100
2026-05-11 23:57:18,BATCH_003,40,532,63,76,65,PASS,PASS,PASS,100
2026-05-11 23:57:29,BATCH_003,45,531,62,75,65,PASS,PASS,PASS,100
2026-05-11 23:57:41,BATCH_003,50,532,62,76,66,PASS,PASS,PASS,100
2026-05-11 23:57:52,BATCH_003,55,532,62,75,65,PASS,PASS,PASS,100
2026-05-11 23:58:04,BATCH_003,60,532,62,76,65,PASS,PASS,PASS,100
2026-05-11 23:58:15,BATCH_003,65,532,62,76,66,PASS,PASS,PASS,100
2026-05-11 23:58:27,BATCH_003,70,532,62,75,65,PASS,PASS,PASS,100
2026-05-11 23:58:38,BATCH_003,75,531,62,75,66,PASS,PASS,PASS,100
2026-05-11 23:58:49,BATCH_003,80,532,62,75,66,PASS,PASS,PASS,100
2026-05-11 23:59:01,BATCH_003,85,531,62,75,65,PASS,PASS,PASS,100
2026-05-11 23:59:12,BATCH_003,90,532,62,75,65,PASS,PASS,PASS,100
2026-05-11 23:59:23,BATCH_003,95,531,62,76,65,PASS,PASS,PASS,100
2026-05-11 23:59:35,BATCH_003,100,531,62,76,66,PASS,PASS,PASS,100
2026-05-11 23:59:46,BATCH_003,105,531,62,76,66,PASS,PASS,PASS,100
2026-05-11 23:59:58,BATCH_003,110,531,63,76,66,PASS,PASS,PASS,100
2026-05-12 00:00:09,BATCH_003,115,531,63,75,66,PASS,PASS,PASS,100
2026-05-12 00:00:21,BATCH_003,120,531,62,76,65,PASS,PASS,PASS,100
2026-05-12 00:00:32,BATCH_003,125,532,62,76,66,PASS,PASS,PASS,100
2026-05-12 00:00:43,BATCH_003,130,531,62,76,66,PASS,PASS,PASS,100
2026-05-12 00:00:55,BATCH_003,135,532,63,76,65,PASS,PASS,PASS,100
2026-05-12 00:01:08,BATCH_003,140,531,62,76,65,PASS,PASS,PASS,100
2026-05-12 03:00:18,BATCH_001,1720,537,57,69,61,PASS,PASS,PASS,100
2026-05-12 03:00:34,BATCH_001,1725,537,56,69,60,PASS,PASS,PASS,100
2026-05-12 11:43:32,BATCH_001,1730,515,302,355,311,PASS,HOLD,HOLD,60
2026-05-12 11:45:21,BATCH_001,1735,552,251,323,282,PASS,HOLD,HOLD,60
2026-05-12 11:45:29,BATCH_001,1740,552,258,324,283,PASS,HOLD,HOLD,60
2026-05-12 11:58:44,BATCH_001,1745,334,410,462,390,WARN,HOLD,HOLD,35
2026-05-12 11:58:54,BATCH_001,1750,333,398,459,383,WARN,HOLD,HOLD,35
2026-05-12 11:59:03,BATCH_001,1755,332,402,458,380,WARN,HOLD,HOLD,35
2026-05-12 11:59:09,BATCH_001,1760,332,401,449,379,WARN,HOLD,HOLD,35
2026-05-12 12:22:09,BATCH_001,1765,301,360,413,345,HOLD,PASS,HOLD,50
2026-05-12 12:22:23,BATCH_001,1770,302,362,422,353,HOLD,PASS,HOLD,50
2026-05-12 12:22:35,BATCH_001,1775,302,368,422,353,HOLD,PASS,HOLD,50
2026-05-12 12:22:47,BATCH_001,1780,500,385,413,339,PASS,PASS,PASS,100
2026-05-12 12:22:59,BATCH_001,1785,516,364,402,332,PASS,PASS,PASS,100
2026-05-12 12:23:10,BATCH_001,1790,514,359,390,327,PASS,PASS,PASS,100
2026-05-12 12:23:21,BATCH_001,1795,515,357,394,326,PASS,PASS,PASS,100
2026-05-12 12:23:33,BATCH_001,1800,515,364,392,323,PASS,PASS,PASS,100
2026-05-12 12:23:44,BATCH_001,1805,515,364,387,320,PASS,PASS,PASS,100
2026-05-12 12:23:56,BATCH_001,1810,515,364,388,320,PASS,PASS,PASS,100
2026-05-12 12:24:07,BATCH_001,1815,518,317,389,344,PASS,PASS,PASS,100
2026-05-12 12:24:18,BATCH_001,1820,511,307,406,355,PASS,PASS,PASS,100
2026-05-12 12:24:30,BATCH_001,1825,509,357,465,378,PASS,PASS,PASS,100
2026-05-12 12:24:41,BATCH_001,1830,510,321,383,335,PASS,PASS,PASS,100
2026-05-12 12:24:53,BATCH_001,1835,516,328,362,344,PASS,PASS,PASS,100
2026-05-12 12:25:04,BATCH_001,1840,517,331,363,294,PASS,PASS,PASS,100
2026-05-12 12:25:16,BATCH_001,1845,517,343,371,306,PASS,PASS,PASS,100
2026-05-12 12:25:27,BATCH_001,1850,517,336,370,305,PASS,PASS,PASS,100
2026-05-12 12:25:39,BATCH_001,1855,517,336,371,306,PASS,PASS,PASS,100
2026-05-12 12:25:50,BATCH_001,1860,517,338,371,307,PASS,PASS,PASS,100
2026-05-12 12:26:02,BATCH_001,1865,517,337,371,300,PASS,PASS,PASS,100
2026-05-12 12:26:13,BATCH_001,1870,517,342,363,304,PASS,PASS,PASS,100
2026-05-12 12:26:25,BATCH_001,1875,517,335,369,304,PASS,PASS,PASS,100
2026-05-12 12:26:36,BATCH_001,1880,516,334,368,304,PASS,PASS,PASS,100
2026-05-12 12:26:47,BATCH_001,1885,516,341,369,305,PASS,PASS,PASS,100
2026-05-12 12:26:59,BATCH_001,1890,516,341,362,304,PASS,PASS,PASS,100
2026-05-12 12:27:10,BATCH_001,1895,517,340,367,303,PASS,PASS,PASS,100
2026-05-12 12:27:22,BATCH_001,1900,517,339,366,301,PASS,PASS,PASS,100
2026-05-12 12:27:33,BATCH_001,1905,517,340,366,302,PASS,PASS,PASS,100
2026-05-12 12:27:45,BATCH_001,1910,516,334,367,302,PASS,PASS,PASS,100
2026-05-12 12:27:56,BATCH_001,1915,517,332,365,301,PASS,PASS,PASS,100
2026-05-12 12:28:08,BATCH_001,1920,627,334,419,370,PASS,PASS,PASS,100
2026-05-12 12:28:19,BATCH_001,1925,516,358,421,347,PASS,PASS,PASS,100
2026-05-12 12:28:31,BATCH_001,1930,478,318,401,347,PASS,PASS,PASS,100
2026-05-12 12:28:43,BATCH_001,1935,253,409,485,404,HOLD,WARN,HOLD,30
2026-05-12 12:28:55,BATCH_001,1940,244,830,698,653,HOLD,HOLD,HOLD,10
2026-05-12 12:29:07,BATCH_001,1945,241,808,683,650,HOLD,HOLD,HOLD,10
2026-05-12 12:29:19,BATCH_001,1950,254,332,398,351,HOLD,PASS,HOLD,50
2026-05-12 12:29:31,BATCH_001,1955,242,339,406,329,HOLD,PASS,HOLD,50
2026-05-12 12:29:44,BATCH_001,1960,255,320,372,310,HOLD,PASS,HOLD,50
2026-05-12 12:29:55,BATCH_001,1965,496,310,387,320,PASS,PASS,PASS,100
2026-05-12 12:30:06,BATCH_001,1970,508,325,357,295,PASS,PASS,PASS,100
2026-05-12 12:30:18,BATCH_001,1975,513,330,364,291,PASS,PASS,PASS,100
2026-05-12 12:30:29,BATCH_001,1980,515,336,362,293,PASS,PASS,PASS,100
2026-05-12 12:30:41,BATCH_001,1985,513,325,360,295,PASS,PASS,PASS,100
2026-05-12 12:30:52,BATCH_001,1990,514,337,354,300,PASS,PASS,PASS,100
2026-05-12 12:31:04,BATCH_001,1995,515,331,344,303,PASS,PASS,PASS,100
2026-05-12 12:31:15,BATCH_001,2000,513,362,392,325,PASS,PASS,PASS,100
2026-05-12 12:31:26,BATCH_001,2005,514,373,419,320,PASS,PASS,PASS,100
2026-05-12 12:31:38,BATCH_001,2010,514,348,379,316,PASS,PASS,PASS,100
2026-05-12 12:31:50,BATCH_001,2015,515,330,354,285,PASS,PASS,PASS,100
2026-05-12 12:32:01,BATCH_001,2020,515,344,364,300,PASS,PASS,PASS,100
2026-05-12 12:32:13,BATCH_001,2025,514,345,414,359,PASS,PASS,PASS,100
2026-05-12 12:32:24,BATCH_001,2030,468,271,349,303,PASS,PASS,PASS,100
2026-05-12 12:32:35,BATCH_001,2035,509,330,390,327,PASS,PASS,PASS,100
2026-05-12 12:32:47,BATCH_001,2040,510,279,337,283,PASS,PASS,PASS,100
2026-05-12 12:32:58,BATCH_001,2045,510,270,335,287,PASS,PASS,PASS,100
2026-05-12 12:33:10,BATCH_001,2050,518,235,314,270,PASS,PASS,PASS,100
2026-05-12 12:33:21,BATCH_001,2055,517,312,336,271,PASS,PASS,PASS,100
2026-05-12 12:33:33,BATCH_001,2060,517,306,335,277,PASS,PASS,PASS,100
2026-05-12 12:33:44,BATCH_001,2065,516,320,345,276,PASS,PASS,PASS,100
2026-05-12 12:33:56,BATCH_001,2070,516,353,379,307,PASS,PASS,PASS,100
2026-05-12 12:34:07,BATCH_001,2075,515,348,369,309,PASS,PASS,PASS,100
2026-05-12 12:34:18,BATCH_001,2080,539,295,323,264,PASS,PASS,PASS,100
2026-05-12 14:28:22,BATCH_001,2085,2,566,526,492,HOLD,HOLD,HOLD,10
2026-05-12 14:28:41,BATCH_001,2090,2,563,542,512,HOLD,HOLD,HOLD,10
2026-05-12 14:28:54,BATCH_001,2095,2,559,533,509,HOLD,HOLD,HOLD,10
2026-05-12 14:29:06,BATCH_001,2100,2,564,543,505,HOLD,HOLD,HOLD,10
2026-05-12 14:29:19,BATCH_001,2105,3,562,541,512,HOLD,HOLD,HOLD,10
2026-05-12 14:29:32,BATCH_001,2110,2,559,532,510,HOLD,HOLD,HOLD,10
2026-05-12 14:29:45,BATCH_001,2115,2,560,533,509,HOLD,HOLD,HOLD,10
2026-05-12 14:39:39,BATCH_001,2120,510,595,554,517,PASS,HOLD,HOLD,60
2026-05-12 14:40:47,BATCH_001,2125,521,319,377,329,PASS,PASS,PASS,100
2026-05-12 14:50:41,BATCH_001,2130,417,331,383,321,WARN,PASS,WARN,75
2026-05-12 14:50:53,BATCH_001,2135,451,334,378,322,PASS,PASS,PASS,100
2026-05-12 14:51:06,BATCH_001,2140,380,364,401,336,WARN,PASS,WARN,75
2026-05-12 14:51:18,BATCH_001,2145,380,339,377,317,WARN,PASS,WARN,75
2026-05-12 14:51:30,BATCH_001,2150,379,331,376,315,WARN,PASS,WARN,75
2026-05-12 14:51:43,BATCH_001,2155,406,341,392,322,WARN,PASS,WARN,75
2026-05-12 14:51:55,BATCH_001,2160,406,341,386,323,WARN,PASS,WARN,75
2026-05-12 14:52:08,BATCH_001,2165,405,342,387,330,WARN,PASS,WARN,75
2026-05-12 14:52:20,BATCH_001,2170,404,341,392,323,WARN,PASS,WARN,75
2026-05-12 14:52:32,BATCH_001,2175,404,340,391,322,WARN,PASS,WARN,75
2026-05-12 14:52:45,BATCH_001,2180,404,346,392,322,WARN,PASS,WARN,75
2026-05-12 14:52:57,BATCH_001,2185,404,340,391,328,WARN,PASS,WARN,75
2026-05-12 14:53:09,BATCH_001,2190,404,340,391,328,WARN,PASS,WARN,75
2026-05-12 14:53:22,BATCH_001,2195,403,340,391,321,WARN,PASS,WARN,75
2026-05-12 14:53:34,BATCH_001,2200,403,346,384,327,WARN,PASS,WARN,75
2026-05-12 14:53:46,BATCH_001,2205,403,339,390,321,WARN,PASS,WARN,75
2026-05-12 14:53:59,BATCH_001,2210,403,346,391,328,WARN,PASS,WARN,75
2026-05-12 16:11:59,BATCH_001,2215,517,57,86,82,PASS,HOLD,HOLD,60
2026-05-12 16:12:12,BATCH_001,2220,304,294,349,287,HOLD,PASS,HOLD,50
2026-05-12 16:12:22,BATCH_001,2225,303,298,345,292,HOLD,PASS,HOLD,50
2026-05-12 16:12:26,BATCH_001,2230,303,303,344,291,HOLD,PASS,HOLD,50
2026-05-12 16:12:38,BATCH_001,2235,302,305,345,286,HOLD,PASS,HOLD,50
2026-05-12 16:12:50,BATCH_001,2240,302,307,349,296,HOLD,PASS,HOLD,50
2026-05-12 16:12:56,BATCH_001,2245,302,301,348,293,HOLD,PASS,HOLD,50
2026-05-12 16:13:00,BATCH_001,2250,302,305,347,287,HOLD,PASS,HOLD,50
2026-05-12 16:13:12,BATCH_001,2255,302,304,346,292,HOLD,PASS,HOLD,50
2026-05-12 16:13:25,BATCH_001,2260,302,290,339,287,HOLD,PASS,HOLD,50
2026-05-12 16:13:37,BATCH_001,2265,326,301,345,291,HOLD,PASS,HOLD,50
2026-05-12 16:13:49,BATCH_001,2270,310,300,350,296,HOLD,PASS,HOLD,50
2026-05-12 16:14:02,BATCH_001,2275,330,339,391,334,HOLD,PASS,HOLD,50
2026-05-12 16:14:14,BATCH_001,2280,321,334,390,330,HOLD,PASS,HOLD,50
2026-05-12 16:14:28,BATCH_001,2285,322,331,386,327,HOLD,PASS,HOLD,50
2026-05-12 16:14:40,BATCH_001,2290,322,334,384,319,HOLD,PASS,HOLD,50
2026-05-12 16:14:52,BATCH_001,2295,321,332,382,324,HOLD,PASS,HOLD,50
2026-05-12 16:15:04,BATCH_001,2300,322,340,383,329,HOLD,PASS,HOLD,50
2026-05-12 16:15:17,BATCH_001,2305,323,337,387,333,HOLD,PASS,HOLD,50
2026-05-12 16:27:02,BATCH_001,2310,328,323,366,303,HOLD,PASS,HOLD,50
2026-05-12 16:27:19,BATCH_001,2315,323,299,350,295,HOLD,PASS,HOLD,50
2026-05-12 16:27:32,BATCH_001,2320,320,285,325,274,HOLD,PASS,HOLD,50
2026-05-12 16:27:44,BATCH_001,2325,319,285,325,278,HOLD,PASS,HOLD,50
2026-05-12 16:27:57,BATCH_001,2330,319,284,330,278,HOLD,PASS,HOLD,50
2026-05-12 16:28:10,BATCH_001,2335,319,283,328,270,HOLD,PASS,HOLD,50
2026-05-12 16:28:22,BATCH_001,2340,319,289,328,270,HOLD,PASS,HOLD,50
2026-05-12 16:28:35,BATCH_001,2345,319,284,322,277,HOLD,PASS,HOLD,50
2026-05-12 16:28:48,BATCH_001,2350,318,285,329,277,HOLD,PASS,HOLD,50
2026-05-12 16:29:00,BATCH_001,2355,318,292,330,277,HOLD,PASS,HOLD,50
2026-05-12 16:29:13,BATCH_001,2360,318,286,330,277,HOLD,PASS,HOLD,50
2026-05-12 16:29:26,BATCH_001,2365,318,290,329,277,HOLD,PASS,HOLD,50
2026-05-12 16:29:38,BATCH_001,2370,318,284,322,276,HOLD,PASS,HOLD,50
2026-05-12 16:29:51,BATCH_001,2375,320,285,330,278,HOLD,PASS,HOLD,50
2026-05-12 16:30:03,BATCH_001,2380,312,281,326,274,HOLD,PASS,HOLD,50
2026-05-12 16:30:16,BATCH_001,2385,312,282,325,273,HOLD,PASS,HOLD,50
2026-05-12 16:30:28,BATCH_001,2390,312,277,316,271,HOLD,PASS,HOLD,50
2026-05-12 16:30:40,BATCH_001,2395,311,286,324,273,HOLD,PASS,HOLD,50
2026-05-12 16:30:52,BATCH_001,2400,515,369,417,348,PASS,PASS,PASS,100
2026-05-12 16:31:03,BATCH_001,2405,516,366,414,346,PASS,PASS,PASS,100
2026-05-12 16:31:14,BATCH_001,2410,791,358,396,325,PASS,PASS,PASS,100
2026-05-12 16:31:26,BATCH_001,2415,769,350,395,323,PASS,PASS,PASS,100
2026-05-12 16:31:37,BATCH_001,2420,772,349,393,328,PASS,PASS,PASS,100
2026-05-12 16:31:49,BATCH_001,2425,768,350,395,330,PASS,PASS,PASS,100
2026-05-12 16:32:00,BATCH_001,2430,543,303,400,340,PASS,PASS,PASS,100
2026-05-12 16:32:11,BATCH_001,2435,509,280,358,309,PASS,PASS,PASS,100
2026-05-12 16:32:23,BATCH_001,2440,542,294,385,336,PASS,PASS,PASS,100
2026-05-12 16:32:34,BATCH_001,2445,534,298,381,328,PASS,PASS,PASS,100
2026-05-12 16:32:46,BATCH_001,2450,508,297,378,333,PASS,PASS,PASS,100
2026-05-12 16:32:58,BATCH_001,2455,509,300,389,350,PASS,PASS,PASS,100
2026-05-12 16:33:10,BATCH_001,2460,566,296,365,318,PASS,PASS,PASS,100
2026-05-12 16:33:22,BATCH_001,2465,540,271,350,307,PASS,PASS,PASS,100
2026-05-12 16:33:34,BATCH_001,2470,549,269,335,298,PASS,PASS,PASS,100
2026-05-12 16:33:46,BATCH_001,2475,560,274,344,300,PASS,PASS,PASS,100
2026-05-12 16:33:57,BATCH_001,2480,602,255,322,291,PASS,PASS,PASS,100
2026-05-12 16:34:09,BATCH_001,2485,584,284,369,317,PASS,PASS,PASS,100
2026-05-12 16:34:21,BATCH_001,2490,578,292,365,319,PASS,PASS,PASS,100
2026-05-12 16:34:34,BATCH_001,2495,582,154,215,182,PASS,HOLD,HOLD,60
2026-05-12 16:34:46,BATCH_001,2500,569,291,374,327,PASS,PASS,PASS,100
2026-05-12 16:34:58,BATCH_001,2505,567,153,230,209,PASS,HOLD,HOLD,60
2026-05-12 16:35:10,BATCH_001,2510,556,288,359,318,PASS,PASS,PASS,100
2026-05-12 16:35:22,BATCH_001,2515,558,304,383,329,PASS,PASS,PASS,100
2026-05-12 16:35:34,BATCH_001,2520,557,306,384,337,PASS,PASS,PASS,100
2026-05-12 16:35:45,BATCH_001,2525,557,306,384,337,PASS,PASS,PASS,100
2026-05-12 16:35:57,BATCH_001,2530,577,311,391,344,PASS,PASS,PASS,100
2026-05-12 16:36:09,BATCH_001,2535,575,310,393,336,PASS,PASS,PASS,100
2026-05-12 16:36:13,BATCH_001,2540,575,310,393,342,PASS,PASS,PASS,100
2026-05-12 16:36:18,BATCH_001,2545,575,308,391,341,PASS,PASS,PASS,100
2026-05-12 16:36:23,BATCH_001,2550,574,309,394,338,PASS,PASS,PASS,100
2026-05-12 16:36:31,BATCH_001,2555,573,304,395,338,PASS,PASS,PASS,100
2026-05-12 16:36:42,BATCH_001,2560,572,394,425,360,PASS,PASS,PASS,100
2026-05-12 16:36:54,BATCH_001,2565,570,382,431,352,PASS,PASS,PASS,100
2026-05-12 16:37:06,BATCH_001,2570,576,378,420,352,PASS,PASS,PASS,100
2026-05-12 16:37:18,BATCH_001,2575,574,380,426,347,PASS,PASS,PASS,100
2026-05-12 16:37:30,BATCH_001,2580,567,381,418,351,PASS,PASS,PASS,100
2026-05-12 16:37:42,BATCH_001,2585,480,153,243,142,PASS,HOLD,HOLD,60
2026-05-12 16:37:55,BATCH_001,2590,358,365,435,366,WARN,PASS,WARN,75
2026-05-12 16:38:07,BATCH_001,2595,361,388,464,393,WARN,PASS,WARN,75
2026-05-12 16:38:19,BATCH_001,2600,361,389,464,389,WARN,PASS,WARN,75
2026-05-12 16:38:31,BATCH_001,2605,361,387,463,394,WARN,PASS,WARN,75
2026-05-12 16:38:43,BATCH_001,2610,354,383,455,384,WARN,PASS,WARN,75
2026-05-12 16:38:56,BATCH_001,2615,360,397,465,391,WARN,PASS,WARN,75
2026-05-12 16:39:08,BATCH_001,2620,360,386,467,393,WARN,PASS,WARN,75
2026-05-12 16:39:20,BATCH_001,2625,358,392,467,391,WARN,PASS,WARN,75
2026-05-12 16:39:32,BATCH_001,2630,367,400,477,403,WARN,PASS,WARN,75
2026-05-12 16:39:45,BATCH_001,2635,349,411,483,403,HOLD,WARN,HOLD,30
2026-05-12 16:39:57,BATCH_001,2640,352,386,457,385,WARN,PASS,WARN,75
2026-05-12 16:40:09,BATCH_001,2645,349,376,453,384,HOLD,PASS,HOLD,50
2026-05-12 16:40:22,BATCH_001,2650,349,391,461,390,HOLD,PASS,HOLD,50
2026-05-12 16:40:35,BATCH_001,2655,348,385,458,381,HOLD,PASS,HOLD,50
2026-05-12 16:40:47,BATCH_001,2660,349,386,462,385,HOLD,PASS,HOLD,50
2026-05-12 16:41:00,BATCH_001,2665,348,383,463,392,HOLD,PASS,HOLD,50
2026-05-12 16:41:12,BATCH_001,2670,345,396,461,397,HOLD,PASS,HOLD,50
2026-05-12 16:41:24,BATCH_001,2675,352,390,467,396,WARN,PASS,WARN,75
2026-05-12 16:41:37,BATCH_001,2680,350,410,475,396,WARN,PASS,WARN,75
2026-05-12 16:41:49,BATCH_001,2685,350,387,457,382,WARN,PASS,WARN,75
2026-05-12 16:42:01,BATCH_001,2690,338,361,424,353,HOLD,PASS,HOLD,50
2026-05-12 16:42:14,BATCH_001,2695,337,359,416,357,HOLD,PASS,HOLD,50
2026-05-12 16:42:26,BATCH_001,2700,336,348,414,351,HOLD,PASS,HOLD,50
2026-05-12 16:42:39,BATCH_001,2705,341,356,411,353,HOLD,PASS,HOLD,50
2026-05-12 16:42:51,BATCH_001,2710,341,351,417,353,HOLD,PASS,HOLD,50
2026-05-12 16:43:04,BATCH_001,2715,333,352,413,343,HOLD,PASS,HOLD,50
2026-05-12 16:43:16,BATCH_001,2720,332,351,404,348,HOLD,PASS,HOLD,50
2026-05-12 16:43:29,BATCH_001,2725,337,347,416,347,HOLD,PASS,HOLD,50
2026-05-12 16:43:42,BATCH_001,2730,336,370,427,366,HOLD,PASS,HOLD,50
2026-05-12 16:43:54,BATCH_001,2735,334,368,425,367,HOLD,PASS,HOLD,50
2026-05-12 16:44:07,BATCH_001,2740,334,364,427,367,HOLD,PASS,HOLD,50
2026-05-12 16:44:19,BATCH_001,2745,333,376,441,368,HOLD,PASS,HOLD,50
2026-05-12 16:44:32,BATCH_001,2750,333,370,442,368,HOLD,PASS,HOLD,50
2026-05-12 16:44:44,BATCH_001,2755,333,370,436,374,HOLD,PASS,HOLD,50
2026-05-12 16:44:57,BATCH_001,2760,333,378,450,379,HOLD,PASS,HOLD,50
2026-05-12 16:45:10,BATCH_001,2765,333,371,442,368,HOLD,PASS,HOLD,50
2026-05-12 16:45:22,BATCH_001,2770,333,376,433,366,HOLD,PASS,HOLD,50
2026-05-12 16:45:35,BATCH_001,2775,333,363,431,363,HOLD,PASS,HOLD,50
2026-05-12 16:45:47,BATCH_001,2780,333,365,427,367,HOLD,PASS,HOLD,50
2026-05-12 16:46:00,BATCH_001,2785,333,371,433,362,HOLD,PASS,HOLD,50
2026-05-12 16:46:13,BATCH_001,2790,334,364,426,361,HOLD,PASS,HOLD,50
2026-05-12 16:46:25,BATCH_001,2795,333,364,426,367,HOLD,PASS,HOLD,50
2026-05-12 16:46:38,BATCH_001,2800,332,363,431,360,HOLD,PASS,HOLD,50
2026-05-12 16:46:50,BATCH_001,2805,332,364,427,367,HOLD,PASS,HOLD,50
2026-05-12 16:47:03,BATCH_001,2810,332,370,434,362,HOLD,PASS,HOLD,50
2026-05-12 16:47:16,BATCH_001,2815,331,372,434,373,HOLD,PASS,HOLD,50
2026-05-12 16:47:28,BATCH_001,2820,331,371,435,364,HOLD,PASS,HOLD,50
2026-05-12 16:47:41,BATCH_001,2825,331,372,429,363,HOLD,PASS,HOLD,50
2026-05-12 16:47:53,BATCH_001,2830,331,371,429,369,HOLD,PASS,HOLD,50
2026-05-12 16:48:06,BATCH_001,2835,331,364,428,368,HOLD,PASS,HOLD,50
2026-05-12 16:48:18,BATCH_001,2840,331,369,432,367,HOLD,PASS,HOLD,50
2026-05-12 16:48:31,BATCH_001,2845,331,369,427,367,HOLD,PASS,HOLD,50
2026-05-12 16:48:44,BATCH_001,2850,331,365,434,362,HOLD,PASS,HOLD,50
2026-05-12 16:48:56,BATCH_001,2855,346,375,462,360,HOLD,PASS,HOLD,50
2026-05-12 16:49:09,BATCH_001,2860,341,382,451,387,HOLD,PASS,HOLD,50
2026-05-12 16:49:22,BATCH_001,2865,339,400,477,404,HOLD,PASS,HOLD,50
2026-05-12 16:49:34,BATCH_001,2870,328,440,520,444,HOLD,HOLD,HOLD,10
2026-05-12 16:49:47,BATCH_001,2875,328,444,518,444,HOLD,HOLD,HOLD,10
2026-05-12 16:49:59,BATCH_001,2880,328,442,510,442,HOLD,HOLD,HOLD,10
2026-05-12 16:50:12,BATCH_001,2885,328,442,510,442,HOLD,HOLD,HOLD,10
2026-05-12 16:50:24,BATCH_001,2890,339,381,448,382,HOLD,PASS,HOLD,50
2026-05-12 16:50:37,BATCH_001,2895,338,379,454,379,HOLD,PASS,HOLD,50
2026-05-12 16:50:50,BATCH_001,2900,338,375,443,381,HOLD,PASS,HOLD,50
2026-05-12 16:51:02,BATCH_001,2905,338,391,459,393,HOLD,PASS,HOLD,50
2026-05-12 16:51:15,BATCH_001,2910,338,396,462,391,HOLD,PASS,HOLD,50
2026-05-12 16:51:27,BATCH_001,2915,338,383,451,387,HOLD,PASS,HOLD,50
2026-05-12 16:51:40,BATCH_001,2920,325,375,446,378,HOLD,PASS,HOLD,50
2026-05-12 16:51:52,BATCH_001,2925,324,375,437,376,HOLD,PASS,HOLD,50
2026-05-12 16:52:05,BATCH_001,2930,340,376,442,379,HOLD,PASS,HOLD,50
2026-05-12 16:52:17,BATCH_001,2935,339,374,447,378,HOLD,PASS,HOLD,50
2026-05-12 16:52:30,BATCH_001,2940,336,407,470,395,HOLD,PASS,HOLD,50
2026-05-12 16:52:43,BATCH_001,2945,341,403,477,406,HOLD,PASS,HOLD,50
2026-05-12 16:52:55,BATCH_001,2950,334,389,449,390,HOLD,PASS,HOLD,50
2026-05-12 16:53:08,BATCH_001,2955,344,396,465,393,HOLD,PASS,HOLD,50
